P. Name,P. Zone Class,P. Mass Class,P. Composition Class,P. Atmosphere Class,P. Density (EU),P. Gravity (EU),P. Esc Vel (EU),P. SFlux Min (EU),P. SFlux Mean (EU),P. SFlux Max (EU),P. Teq Max (K),P. Mag,P. Appar Size (deg),P. Eccentricity,P. Mean Distance (AU),P. Omega (deg),S. Mass (SU),S. Teff (K),S. [Fe/H],S. Age (Gyrs),S. Appar Mag,S. Distance (pc),S. RA (hrs),S. DEC (deg),S. Mag from Planet,S. Size from Planet (deg),S. No. Planets,S. No. Planets HZ,S. Hab Zone Max (AU),P. HZD,P. HZC,P. HZA,P. HZI,P. SPH,P. ESI,S. HabCat,P. Habitable,P. Hab Moon,P. Confirmed,P. Habitable Class
GJ 163 c,Warm,Superterran,rocky-iron,metals-rich,1.19,2.17,1.99,0.5515569,0.6630019,0.804139,241.3,-18.05,3.48,0.09,0.12,235.4,0.4,3840.0,-0.06027140851661208,3.0,11.8,15.0,4.1544,-53.3736,-26.3,0.9881,3,1,0.212,-0.34,-0.14,0.81,0.53,0.08,0.73,0,1,0,1,psychroplanet
GJ 667 C e,Warm,Terran,rocky-iron,metals-rich,0.99,1.39,1.39,0.290249,0.3020295,0.3144201,190.8,-16.59,2.65,0.02,0.21,28.6,0.33,3350.0,-0.55,2.0,10.2,6.8,17.3158,-34.9897,-25.4,0.8714,6,3,0.251,0.51,-0.16,0.23,0.63,0.0,0.6,0,1,0,0,psychroplanet
GJ 667 C f,Warm,Terran,rocky-iron,metals-rich,0.99,1.39,1.39,0.5306531,0.5632069000000001,0.5983137,224.1,-17.28,2.65,0.03,0.16,103.0,0.33,3350.0,-0.55,2.0,10.2,6.8,17.3158,-34.9897,-26.1,1.19,6,3,0.251,-0.22,-0.16,0.08,0.78,0.0,0.77,0,1,0,0,psychroplanet
GJ 682 c,Warm,Superterran,rocky-iron,hydrogen-rich,1.24,2.37,2.13,0.3020603,0.3673006,0.45118450000000004,208.8,-17.51,3.64,0.1,0.18,320.9,0.27,3028.0,-0.06027140851661208,4.184758828596038,13.4,5.08,17.6177,-43.6808,-25.6,1.1831,2,1,0.232,0.23,-0.14,1.19,0.45,0.0,0.59,0,1,0,0,psychroplanet
GJ 3293 d,Warm,Superterran,rocky-iron,metals-rich,1.2,2.22,2.03,0.44768679999999994,0.5656049,0.7251003,235.1,-17.91,3.52,0.12,0.19,322.0,0.42,3466.0,0.02,4.184758828596038,12.0,17.9,4.4767,-25.1692,-26.1,1.1179,4,2,0.309,-0.21,-0.14,0.91,0.52,0.0,0.7,0,1,0,1,psychroplanet
HD 40307 g,Warm,Superterran,rocky-iron,metals-rich,1.18,2.15,1.98,0.3895282,0.6771687,1.285592,271.3,-18.1,3.45,0.29,0.57,91.2,0.77,4977.0,-0.31,1.2,7.2,12.8,5.9011,-60.0233,-26.4,0.6042,6,1,0.917,-0.15,-0.14,0.77,0.56,0.04,0.74,1,1,0,0,psychroplanet
Kapteyn b,Warm,Terran,rocky-iron,metals-rich,1.09,1.79,1.71,0.2900587,0.4342851,0.6803408000000001,231.4,-17.37,3.11,0.21,0.16,80.4,0.28,3550.0,-0.86,8.0,8.8,3.91,5.1947,-45.0183,-25.8,0.9409,2,1,0.232,0.12,-0.15,0.57,0.63,0.0,0.67,0,1,0,0,psychroplanet
Kepler-62 f,Warm,Terran,rocky-iron,metals-rich,1.0,1.41,1.41,0.388223,0.388223,0.388223,201.1,-16.89,2.68,0.0,0.72,0.0,0.69,4869.0,-0.21,7.0,14.0,368.0,18.8808,45.3499,-25.7,0.4676,5,2,0.857,0.45,-0.16,0.19,0.66,0.0,0.67,0,1,0,1,psychroplanet
Kepler-150 f,Warm,Superterran,gas,metals-rich,0.19,0.68,1.57,0.4927213,0.4927213,0.4927214,213.4,-19.22,6.92,0.0,1.24,0.0,0.63,5560.0,-0.136,4.184758828596038,13.4,973.0,19.2156,40.5209,-26.0,0.404,5,1,1.569,0.28,2.88,0.35,0.26,0.0,0.53,0,0,0,1,psychroplanet
Kepler-174 d,Warm,Superterran,rocky-iron,hydrogen-rich,1.42,3.1,2.6,0.42675159999999995,0.42675159999999995,0.42675169999999996,205.9,-17.95,4.15,0.0,0.68,0.0,0.68,4880.0,-0.556,4.184758828596038,13.4,360.0,19.1626,43.8321,-25.8,0.488,3,1,0.846,0.32,-0.13,1.77,0.36,0.0,0.61,0,1,0,1,psychroplanet
Kepler-296 f,Warm,Superterran,rocky-iron,metals-rich,1.15,2.01,1.87,0.2687829,0.3395788,0.4353369000000001,206.9,-17.22,3.33,0.12,0.28,0.0,0.45,3572.0,-0.12,4.2,10.1,226.0,19.1027,49.4373,-25.6,0.8155,5,2,0.34700000000000003,0.4,-0.14,0.86,0.51,0.0,0.6,0,1,0,1,psychroplanet
Kepler-442 b,Warm,Terran,rocky-iron,metals-rich,0.97,1.3,1.32,0.6466799,0.6999820999999999,0.7589214,237.8,-17.42,2.55,0.04,0.41,0.0,0.61,4402.0,-0.37,2.9,7.7,342.0,19.0244,39.2801,-26.3,0.7685,1,1,0.6809999999999999,-0.34,-0.16,-0.06,0.73,0.04,0.84,0,1,0,1,psychroplanet
Kepler-1229 b,Warm,Terran,rocky-iron,metals-rich,0.99,1.39,1.4,0.4901548,0.4901549,0.4901549,213.2,-17.13,2.66,0.0,0.31,0.0,0.54,3784.0,-0.06027140851661208,3.72,15.5,236.0,19.8324,46.9967,-26.0,0.8699,1,1,0.456,-0.03,-0.16,0.12,0.83,0.0,0.73,0,1,0,1,psychroplanet
Kepler-1652 b,Warm,Terran,rocky-iron,metals-rich,0.9,1.01,1.06,0.6504719,0.650472,0.6504722,228.8,-16.95,2.13,0.0,0.16,0.0,0.36,3482.0,-0.1,4.184758828596038,13.4,252.0,19.6244,49.9151,-26.3,1.1835,1,1,0.27,-0.35,-0.17,-0.37,0.65,0.0,0.85,0,1,0,1,psychroplanet
LHS 1140 b,Warm,Terran,rocky-iron,hydrogen-rich,2.26,3.23,2.15,0.23418049999999999,0.4071072,0.7728854000000001,238.9,-17.03,2.72,0.29,0.08,0.0,0.15,3131.0,-0.24,5.0,14.2,12.47,0.7497,-15.2714,-25.8,1.1837,1,1,0.118,0.18,-0.82,1.17,0.41,0.0,0.68,0,1,0,1,psychroplanet
Proxima Cen b,Warm,Terran,rocky-iron,metals-rich,0.9,1.01,1.07,0.6562118,0.6562118,0.6562119000000001,229.3,-16.96,2.13,0.0,0.05,0.0,0.12,3050.0,-0.06027140851661208,4.184758828596038,11.1,1.29,14.4953,-62.6794,-26.3,1.5493,1,1,0.086,-0.39,-0.17,-0.37,0.64,0.0,0.85,0,1,0,1,psychroplanet
TRAPPIST-1 e,Warm,Terran,rocky-iron,metals-rich,0.82,0.76,0.83,0.6544079,0.654408,0.6544082,229.1,-16.52,1.74,0.0,0.03,0.0,0.08,2550.0,0.04,0.5,18.8,12.1,23.1081,-5.0414,-26.3,2.2135,7,4,0.051,-0.42,-0.15,-0.67,0.56,0.0,0.85,0,1,0,1,psychroplanet
TRAPPIST-1 f,Warm,Terran,rocky-water,metals-rich,0.59,0.61,0.8,0.3772893,0.3772893,0.3772893,199.7,-16.2,1.98,0.0,0.04,0.0,0.08,2550.0,0.04,0.5,18.8,12.1,23.1081,-5.0414,-25.7,1.6807,7,4,0.051,0.14,0.27,-0.64,0.59,0.0,0.68,0,1,0,1,psychroplanet
Kepler-22 b,Warm,Superterran,rocky-iron,hydrogen-rich,1.57,3.68,2.94,1.1060290000000002,1.1060290000000002,1.1060290000000002,261.3,-19.15,4.47,0.0,0.85,0.0,0.97,5518.0,-0.29,9.9,12.0,190.0,19.2811,47.8844,-26.8,0.6145,1,1,1.615,-0.64,-0.12,1.79,0.34,0.53,0.71,0,1,0,1,mesoplanet
Kepler-440 b,Warm,Superterran,rocky-iron,metals-rich,1.2,2.24,2.04,0.7514458,1.43441,3.096766,338.0,-18.99,3.54,0.34,0.23,0.0,0.57,4134.0,-0.3,1.3,8.3,261.0,19.0233,41.4522,-27.2,1.2857,1,1,0.5710000000000001,-0.89,-0.14,0.62,0.48,0.16,0.75,0,1,0,1,mesoplanet
Kepler-1552 b,Warm,Superterran,rocky-iron,hydrogen-rich,1.68,4.14,3.2,1.105641,1.105641,1.105641,261.2,-19.25,4.68,0.0,0.6,0.0,0.85,5202.0,-0.06027140851661208,3.31,14.8,618.0,19.4451,38.8749,-26.8,0.6913,1,1,1.176,-0.68,-0.11,2.09,0.31,0.45,0.7,0,1,0,1,mesoplanet
Wolf 1061 c,Warm,Terran,rocky-iron,metals-rich,1.03,1.53,1.51,1.128213,1.398419,1.754743,293.2,-18.42,2.83,0.11,0.09,37.0,0.25,3305.0,-0.09,4.184758828596038,10.1,4.29,16.505,-12.6626,-27.1,1.9321,3,1,0.225,-0.96,-0.15,0.02,0.51,0.17,0.82,0,1,0,1,mesoplanet
Ross 128 b,Warm,Terran,rocky-iron,metals-rich,0.91,1.05,1.1,1.176261,1.474785,1.874486,298.1,-17.92,2.19,0.12,0.05,0.0,0.17,3192.0,-0.02,5.0,11.2,3.38,11.7957,0.8046,-27.2,2.1279,1,1,0.13,-0.99,-0.17,-0.46,0.48,0.21,0.86,0,1,0,1,mesoplanet
Kepler-452 b,Warm,Superterran,rocky-iron,metals-rich,1.09,1.77,1.7,1.109832,1.109832,1.109833,261.5,-18.35,3.1,0.0,1.05,0.0,1.04,5757.0,0.21,6.0,13.4,430.0,19.7336,44.2776,-26.8,0.5655,1,1,1.952,-0.61,-0.15,0.3,0.59,0.93,0.83,0,1,0,1,mesoplanet
tau Cet e,Warm,Terran,rocky-iron,metals-rich,1.07,1.7,1.64,1.369828,1.512054,1.673311,289.8,-18.64,3.02,0.05,0.55,313.5,0.78,5344.0,-0.55,5.8,3.5,3.65,1.7344,-15.9375,-27.2,0.7665,7,1,1.246,-0.92,-0.15,0.16,0.51,0.0,0.78,0,1,0,0,mesoplanet
GJ 180 c,Warm,Superterran,rocky-iron,metals-rich,1.16,2.04,1.9,0.6584886,0.785473,0.9446747999999999,251.2,-18.16,3.36,0.09,0.13,234.9,0.43,3371.0,-0.06027140851661208,4.184758828596038,10.9,11.69,4.8972,-17.7734,-26.5,1.3905,2,2,0.244,-0.53,-0.14,0.64,0.54,0.42,0.77,0,1,0,0,mesoplanet
TRAPPIST-1 d,Warm,Subterran,rocky-iron,metals-rich,0.9,0.69,0.73,1.129725,1.129725,1.129725,262.7,-16.74,1.47,0.0,0.02,0.0,0.08,2550.0,0.04,0.5,18.8,12.1,23.1081,-5.0414,-26.9,2.9085,7,4,0.051,-0.84,-0.29,-0.86,0.45,0.9,0.9,0,1,0,1,mesoplanet
Kepler-1540 b,Warm,Superterran,rocky-iron,hydrogen-rich,1.71,4.25,3.25,0.9229546999999999,0.9229549000000001,0.9229552,249.7,-19.07,4.73,0.0,0.44,0.0,0.74,4540.0,-0.06027140851661208,2.51,14.1,262.0,18.8896,41.2017,-26.6,0.8293,1,1,0.8390000000000001,-0.59,-0.11,2.25,0.3,0.99,0.7,0,1,0,1,mesoplanet
Kepler-1410 b,Warm,Superterran,rocky-iron,metals-rich,1.16,2.07,1.92,1.344376,1.344376,1.344376,274.3,-18.76,3.38,0.0,0.26,0.0,0.63,4092.0,-0.06027140851661208,4.07,15.8,367.0,19.3673,38.7435,-27.1,1.232,1,1,0.614,-0.91,-0.14,0.51,0.49,0.11,0.78,0,1,0,1,mesoplanet
K2-72 e,Warm,Terran,rocky-iron,metals-rich,0.99,1.39,1.4,1.461332,1.461332,1.461333,280.1,-18.32,2.66,0.0,0.12,0.0,0.41,3497.0,-0.06027140851661208,4.184758828596038,15.3,55.52,22.3081,-9.6124,-27.1,1.7588,4,1,0.311,-0.99,-0.16,-0.12,0.5,0.06,0.82,0,1,0,1,mesoplanet
HD 283869 b,Warm,Superterran,rocky-iron,metals-rich,1.26,2.47,2.2,1.146929,1.146929,1.146929,263.7,-18.79,3.72,0.0,0.4,0.0,0.74,4655.0,0.15,4.184758828596038,13.4,47.51,4.795,26.15,-26.9,0.8793,1,1,0.836,-0.76,-0.14,0.89,0.46,0.65,0.77,0,1,0,0,mesoplanet
GJ 832 c,Warm,Superterran,rocky-iron,metals-rich,1.12,1.89,1.79,0.9315085999999999,0.9886534,1.0502799999999999,257.9,-18.31,3.21,0.03,0.16,80.0,0.45,3472.0,-0.31,4.184758828596038,8.7,4.94,21.5594,-49.0089,-26.7,1.4679,2,1,0.342,-0.71,-0.15,0.44,0.54,0.98,0.81,1,1,0,1,mesoplanet
Kepler-443 b,Warm,Superterran,rocky-iron,hydrogen-rich,1.54,3.6,2.9,0.7188641,0.8910313,1.1180709999999998,262.0,-18.9,4.43,0.11,0.49,0.0,0.74,4723.0,-0.01,3.2,6.8,779.0,19.2407,49.9686,-26.6,0.7552,1,1,0.903,-0.53,-0.12,1.83,0.34,0.98,0.71,0,1,0,1,mesoplanet
GJ 667 C c,Warm,Terran,rocky-iron,metals-rich,1.05,1.61,1.57,0.8427715,0.8769776,0.9129552,249.0,-17.97,2.92,0.02,0.12,292.0,0.33,3350.0,-0.55,2.0,10.2,6.8,17.3158,-34.9897,-26.6,1.4848,6,3,0.251,-0.62,-0.15,0.21,0.6,0.64,0.84,0,1,0,1,mesoplanet
Kepler-705 b,Warm,Superterran,rocky-iron,hydrogen-rich,1.36,2.86,2.46,0.832599,0.8325992,0.8325992,243.4,-18.6,4.0,0.0,0.23,0.0,0.53,3722.0,-0.06027140851661208,3.89,15.8,251.0,19.3006,41.8121,-26.5,1.1719,1,1,0.443,-0.56,-0.13,1.31,0.41,0.79,0.74,0,1,0,1,mesoplanet
GJ 422 b,Warm,Superterran,rocky-iron,hydrogen-rich,1.28,2.53,2.24,0.6164305999999999,0.6804333,0.7529996999999999,237.3,-18.25,3.76,0.05,0.12,246.4,0.35,3323.0,-0.06027140851661208,4.184758828596038,11.5,12.67,11.2667,-56.4523,-26.3,1.3345,1,1,0.21,-0.41,-0.13,1.11,0.46,0.17,0.71,0,1,0,0,mesoplanet
PSR 1257 12 c,Hot,Terran,rocky-iron,metals-rich,1.06,1.67,1.62,38.67221,40.1304,41.65875,647.2,-22.19,2.99,0.02,0.36,250.4,1.41,5480.118776483051,-0.06027140851661208,1.0,13.4,710.0,13.0011,12.6822,-30.8,4.8461,3,0,1.6869999999999998,-2.16,-0.15,-0.49,0.31,0.0,0.31,0,0,0,1,non-habitable
HD 75289 b,Hot,Jovian,gas,metals-rich,0.1,1.12,3.6,891.3996,929.601,969.8916,1421.8,-29.97,22.06,0.02,0.05,136.3,1.05,6120.0,0.29,4.96,6.3,28.94,8.7944,-41.7367,-34.2,14.5235,1,0,2.4090000000000003,-2.43,8.32,0.13,0.1,0.0,0.08,1,0,0,1,non-habitable
Kepler-234 c,Hot,Neptunian,gas,metals-rich,0.2,0.69,1.56,279.7903,279.7903,279.7903,1042.0,-26.06,6.67,0.0,0.08,0.0,1.17,6224.0,0.075,4.184758828596038,13.4,424.0,19.4436,38.4947,-32.9,7.6881,2,0,2.194,-2.38,2.73,-0.79,0.21,0.0,0.2,0,0,0,1,non-habitable
WASP-36 b,Hot,Jovian,gas,hydrogen-rich,0.25,3.59,7.14,1386.086,1386.086,1386.086,1554.5,-30.86,27.27,0.0,0.03,0.0,1.02,5881.0,-0.31,3.0,12.7,450.0,8.7719,-8.0269,-34.6,19.242,1,0,1.712,-2.43,10.28,1.77,0.09,0.0,0.06,0,0,0,1,non-habitable
HD 204941 b,Cold,Jovian,gas,hydrogen-rich,0.21,1.54,3.38,0.02471611,0.04991995,0.1168482,149.0,-18.36,14.14,0.37,2.38,228.0,0.74,5056.0,-0.19,6.67,8.4,27.0,21.54,-20.9575,-23.5,0.1613,1,0,1.039,6.15,4.71,4.16,0.1,0.0,0.22,0,0,0,1,non-habitable
51 Peg b,Hot,Jovian,gas,metals-rich,0.02,0.33,2.65,590.7382,598.9285,607.2656,1264.7,-30.82,41.33,0.01,0.05,54.1,1.11,5793.0,0.2,4.0,5.5,14.7,22.9575,20.7686,-33.7,13.0026,1,0,2.247,-2.4,18.21,-0.29,0.05,0.0,0.05,1,0,0,1,non-habitable
KELT-1 b,Hot,Jovian,gas,hydrogen-rich,4.46,55.72,26.39,5614.409,5727.489,5843.488,2227.5,-32.12,23.93,0.01,0.02,61.0,1.33,6516.0,0.052000000000000005,1.75,10.7,263.0,0.0239,39.3836,-36.2,32.133,1,0,3.116,-2.49,22.02,9.11,0.04,0.0,0.07,0,0,0,1,non-habitable
GJ 581 c,Hot,Superterran,rocky-iron,metals-rich,1.12,1.89,1.79,1.98165,2.27422,2.62301,324.2,-19.22,3.21,0.07,0.07,235.0,0.31,3498.0,-0.135,8.0,10.6,6.21,15.3239,-7.7222,-27.6,2.1956,3,0,0.233,-1.24,-0.15,0.22,0.44,0.0,0.66,1,0,0,1,non-habitable
WASP-65 b,Hot,Jovian,gas,hydrogen-rich,0.26,3.18,6.29,1303.858,1303.859,1303.859,1530.9,-30.5,23.84,0.0,0.03,0.0,0.93,5600.0,-0.07,4.184758828596038,11.9,310.0,8.8883,8.523,-34.6,20.6687,1,0,2.166,-2.41,8.46,1.38,0.1,0.0,0.07,0,0,0,1,non-habitable
HD 13908 b,Hot,Jovian,gas,hydrogen-rich,0.28,2.75,5.25,155.1938,169.9724,186.5614,941.6,-27.8,19.09,0.05,0.15,185.0,1.29,6255.0,0.01,2.9,7.5,71.2,2.3042,65.5944,-32.3,5.9549,2,1,3.41,-2.34,6.27,1.61,0.13,0.0,0.13,1,0,0,1,non-habitable
HD 45350 b,Warm,Jovian,gas,hydrogen-rich,0.41,4.59,7.15,0.1361765,0.6847476,8.731088,437.9,-22.53,21.29,0.78,1.21,343.4,1.02,5754.0,0.29,5.59,7.9,49.0,6.4792,38.9628,-26.8,0.5611,1,1,2.231,0.81,7.26,6.83,0.09,0.0,0.43,1,0,0,1,non-habitable
Kepler-155 c,Hot,Superterran,rocky-iron,hydrogen-rich,1.46,3.28,2.71,2.432081,2.432082,2.432082,318.2,-19.9,4.26,0.0,0.24,0.0,0.58,4508.0,-0.363,4.184758828596038,13.4,424.0,19.2331,51.0819,-27.7,1.3654,2,0,0.745,-1.27,-0.12,1.21,0.36,0.0,0.6,0,0,0,1,non-habitable
Kepler-20 e,Hot,Terran,rocky-iron,no-atmosphere,0.83,0.72,0.79,174.7876,174.7876,174.7876,926.3,-22.49,1.64,0.0,0.06,0.0,0.91,5466.0,0.02,8.8,12.5,290.0,19.18,42.3386,-32.4,7.879,6,0,1.535,-2.31,-0.18,-1.23,0.28,0.0,0.3,0,0,0,1,non-habitable
Kepler-1344 b,Hot,Superterran,rocky-iron,metals-rich,1.19,2.19,2.0,450.4913,450.4913,450.4915,1173.7,-25.17,3.49,0.0,0.06,0.0,1.09,5981.0,-0.06027140851661208,3.63,14.1,851.0,19.1391,46.9458,-33.4,10.5712,1,0,2.104,-2.39,-0.14,-0.6,0.29,0.0,0.27,0,0,0,1,non-habitable
Kepler-1098 b,Hot,Terran,rocky-iron,no-atmosphere,0.96,1.25,1.27,750.7347,750.7348,750.735,1333.6,-24.97,2.47,0.0,0.04,0.0,0.99,5794.0,-0.06027140851661208,3.98,14.7,876.0,19.7002,43.2328,-34.0,14.5603,1,0,1.758,-2.4,-0.16,-1.06,0.28,0.0,0.29,0,0,0,1,non-habitable
HIP 73990 c,Cold,Jovian,gas,hydrogen-rich,5.54,59.89,25.44,0.007861765,0.007861765,0.007861766,75.9,-17.08,20.65,0.0,32.0,0.0,1.72,7450.0,-0.06027140851661208,0.015,8.1,125.0,15.1208,-29.5044,-21.4,0.0285,2,0,4.534,22.4,16.05,54.74,0.02,0.0,0.06,0,0,0,1,non-habitable
Kepler-981 b,Hot,Superterran,rocky-iron,metals-rich,1.52,3.51,2.85,317.8292,317.8292,317.8293,1075.7,-25.28,4.39,0.0,0.05,0.0,0.98,5718.0,-0.06027140851661208,4.07,14.8,913.0,19.2833,47.6501,-33.0,9.7128,1,0,1.671,-2.36,-0.12,-0.05,0.3,0.0,0.24,0,0,0,1,non-habitable
Kepler-396 b,Hot,Neptunian,rocky-water,hydrogen-rich,1.67,5.8,4.49,6.051062,6.051062,6.051064,399.6,-21.85,6.6,0.0,0.37,0.0,0.81,5384.0,-0.129,4.184758828596038,13.4,424.0,19.7422,48.8106,-28.7,1.5098,2,0,1.653,-1.68,0.47,2.61,0.24,0.0,0.36,0,0,0,1,non-habitable
