P. Name,P. Zone Class,P. Mass Class,P. Composition Class,P. Atmosphere Class,P. Density (EU),P. Gravity (EU),P. Esc Vel (EU),P. SFlux Min (EU),P. SFlux Mean (EU),P. SFlux Max (EU),P. Teq Max (K),P. Mag,P. Appar Size (deg),P. Eccentricity,P. Mean Distance (AU),P. Omega (deg),S. Mass (SU),S. Teff (K),S. [Fe/H],S. Age (Gyrs),S. Appar Mag,S. Distance (pc),S. RA (hrs),S. DEC (deg),S. Mag from Planet,S. Size from Planet (deg),S. No. Planets,S. No. Planets HZ,S. Hab Zone Max (AU),P. HZD,P. HZC,P. HZA,P. HZI,P. SPH,P. ESI,S. HabCat,P. Habitable,P. Hab Moon,P. Confirmed,P. Habitable Class
GJ 163 c,Warm,Superterran,rocky-iron,metals-rich,1.19,2.17,1.99,0.5515569,0.6630019,0.804139,241.3,-18.05,3.48,0.09,0.12,235.4,0.4,3840.0,-0.06027140851661208,3.0,11.8,15.0,4.1544,-53.3736,-26.3,0.9881,3,1,0.212,-0.34,-0.14,0.81,0.53,0.08,0.73,0,1,0,1,psychroplanet
GJ 667 C e,Warm,Terran,rocky-iron,metals-rich,0.99,1.39,1.39,0.290249,0.3020295,0.3144201,190.8,-16.59,2.65,0.02,0.21,28.6,0.33,3350.0,-0.55,2.0,10.2,6.8,17.3158,-34.9897,-25.4,0.8714,6,3,0.251,0.51,-0.16,0.23,0.63,0.0,0.6,0,1,0,0,psychroplanet
GJ 667 C f,Warm,Terran,rocky-iron,metals-rich,0.99,1.39,1.39,0.5306531,0.5632069000000001,0.5983137,224.1,-17.28,2.65,0.03,0.16,103.0,0.33,3350.0,-0.55,2.0,10.2,6.8,17.3158,-34.9897,-26.1,1.19,6,3,0.251,-0.22,-0.16,0.08,0.78,0.0,0.77,0,1,0,0,psychroplanet
GJ 682 c,Warm,Superterran,rocky-iron,hydrogen-rich,1.24,2.37,2.13,0.3020603,0.3673006,0.45118450000000004,208.8,-17.51,3.64,0.1,0.18,320.9,0.27,3028.0,-0.06027140851661208,4.184758828596038,13.4,5.08,17.6177,-43.6808,-25.6,1.1831,2,1,0.232,0.23,-0.14,1.19,0.45,0.0,0.59,0,1,0,0,psychroplanet
GJ 3293 d,Warm,Superterran,rocky-iron,metals-rich,1.2,2.22,2.03,0.44768679999999994,0.5656049,0.7251003,235.1,-17.91,3.52,0.12,0.19,322.0,0.42,3466.0,0.02,4.184758828596038,12.0,17.9,4.4767,-25.1692,-26.1,1.1179,4,2,0.309,-0.21,-0.14,0.91,0.52,0.0,0.7,0,1,0,1,psychroplanet
HD 40307 g,Warm,Superterran,rocky-iron,metals-rich,1.18,2.15,1.98,0.3895282,0.6771687,1.285592,271.3,-18.1,3.45,0.29,0.57,91.2,0.77,4977.0,-0.31,1.2,7.2,12.8,5.9011,-60.0233,-26.4,0.6042,6,1,0.917,-0.15,-0.14,0.77,0.56,0.04,0.74,1,1,0,0,psychroplanet
Kapteyn b,Warm,Terran,rocky-iron,metals-rich,1.09,1.79,1.71,0.2900587,0.4342851,0.6803408000000001,231.4,-17.37,3.11,0.21,0.16,80.4,0.28,3550.0,-0.86,8.0,8.8,3.91,5.1947,-45.0183,-25.8,0.9409,2,1,0.232,0.12,-0.15,0.57,0.63,0.0,0.67,0,1,0,0,psychroplanet
Kepler-62 f,Warm,Terran,rocky-iron,metals-rich,1.0,1.41,1.41,0.388223,0.388223,0.388223,201.1,-16.89,2.68,0.0,0.72,0.0,0.69,4869.0,-0.21,7.0,14.0,368.0,18.8808,45.3499,-25.7,0.4676,5,2,0.857,0.45,-0.16,0.19,0.66,0.0,0.67,0,1,0,1,psychroplanet
Kepler-150 f,Warm,Superterran,gas,metals-rich,0.19,0.68,1.57,0.4927213,0.4927213,0.4927214,213.4,-19.22,6.92,0.0,1.24,0.0,0.63,5560.0,-0.136,4.184758828596038,13.4,973.0,19.2156,40.5209,-26.0,0.404,5,1,1.569,0.28,2.88,0.35,0.26,0.0,0.53,0,0,0,1,psychroplanet
Kepler-174 d,Warm,Superterran,rocky-iron,hydrogen-rich,1.42,3.1,2.6,0.42675159999999995,0.42675159999999995,0.42675169999999996,205.9,-17.95,4.15,0.0,0.68,0.0,0.68,4880.0,-0.556,4.184758828596038,13.4,360.0,19.1626,43.8321,-25.8,0.488,3,1,0.846,0.32,-0.13,1.77,0.36,0.0,0.61,0,1,0,1,psychroplanet
Kepler-296 f,Warm,Superterran,rocky-iron,metals-rich,1.15,2.01,1.87,0.2687829,0.3395788,0.4353369000000001,206.9,-17.22,3.33,0.12,0.28,0.0,0.45,3572.0,-0.12,4.2,10.1,226.0,19.1027,49.4373,-25.6,0.8155,5,2,0.34700000000000003,0.4,-0.14,0.86,0.51,0.0,0.6,0,1,0,1,psychroplanet
Kepler-442 b,Warm,Terran,rocky-iron,metals-rich,0.97,1.3,1.32,0.6466799,0.6999820999999999,0.7589214,237.8,-17.42,2.55,0.04,0.41,0.0,0.61,4402.0,-0.37,2.9,7.7,342.0,19.0244,39.2801,-26.3,0.7685,1,1,0.6809999999999999,-0.34,-0.16,-0.06,0.73,0.04,0.84,0,1,0,1,psychroplanet
Kepler-1229 b,Warm,Terran,rocky-iron,metals-rich,0.99,1.39,1.4,0.4901548,0.4901549,0.4901549,213.2,-17.13,2.66,0.0,0.31,0.0,0.54,3784.0,-0.06027140851661208,3.72,15.5,236.0,19.8324,46.9967,-26.0,0.8699,1,1,0.456,-0.03,-0.16,0.12,0.83,0.0,0.73,0,1,0,1,psychroplanet
Kepler-1652 b,Warm,Terran,rocky-iron,metals-rich,0.9,1.01,1.06,0.6504719,0.650472,0.6504722,228.8,-16.95,2.13,0.0,0.16,0.0,0.36,3482.0,-0.1,4.184758828596038,13.4,252.0,19.6244,49.9151,-26.3,1.1835,1,1,0.27,-0.35,-0.17,-0.37,0.65,0.0,0.85,0,1,0,1,psychroplanet
LHS 1140 b,Warm,Terran,rocky-iron,hydrogen-rich,2.26,3.23,2.15,0.23418049999999999,0.4071072,0.7728854000000001,238.9,-17.03,2.72,0.29,0.08,0.0,0.15,3131.0,-0.24,5.0,14.2,12.47,0.7497,-15.2714,-25.8,1.1837,1,1,0.118,0.18,-0.82,1.17,0.41,0.0,0.68,0,1,0,1,psychroplanet
Proxima Cen b,Warm,Terran,rocky-iron,metals-rich,0.9,1.01,1.07,0.6562118,0.6562118,0.6562119000000001,229.3,-16.96,2.13,0.0,0.05,0.0,0.12,3050.0,-0.06027140851661208,4.184758828596038,11.1,1.29,14.4953,-62.6794,-26.3,1.5493,1,1,0.086,-0.39,-0.17,-0.37,0.64,0.0,0.85,0,1,0,1,psychroplanet
TRAPPIST-1 e,Warm,Terran,rocky-iron,metals-rich,0.82,0.76,0.83,0.6544079,0.654408,0.6544082,229.1,-16.52,1.74,0.0,0.03,0.0,0.08,2550.0,0.04,0.5,18.8,12.1,23.1081,-5.0414,-26.3,2.2135,7,4,0.051,-0.42,-0.15,-0.67,0.56,0.0,0.85,0,1,0,1,psychroplanet
TRAPPIST-1 f,Warm,Terran,rocky-water,metals-rich,0.59,0.61,0.8,0.3772893,0.3772893,0.3772893,199.7,-16.2,1.98,0.0,0.04,0.0,0.08,2550.0,0.04,0.5,18.8,12.1,23.1081,-5.0414,-25.7,1.6807,7,4,0.051,0.14,0.27,-0.64,0.59,0.0,0.68,0,1,0,1,psychroplanet
Ross 128 b,Warm,Terran,rocky-iron,metals-rich,0.91,1.05,1.1,1.176261,1.474785,1.874486,298.1,-17.92,2.19,0.12,0.05,0.0,0.17,3192.0,-0.02,5.0,11.2,3.38,11.7957,0.8046,-27.2,2.1279,1,1,0.13,-0.99,-0.17,-0.46,0.48,0.21,0.86,0,1,0,1,mesoplanet
Kepler-283 c,Warm,Superterran,rocky-iron,metals-rich,1.18,2.14,1.97,0.898436,0.8984360999999998,0.8984360999999998,248.0,-18.36,3.45,0.0,0.34,0.0,0.62,4351.0,-0.26,4.184758828596038,13.4,534.0,19.5742,47.839,-26.6,0.8908,2,1,0.6459999999999999,-0.58,-0.14,0.69,0.52,0.85,0.79,0,1,0,1,mesoplanet
Kepler-1638 b,Warm,Superterran,rocky-iron,metals-rich,1.21,2.26,2.06,1.3873799999999998,1.3873799999999998,1.387381,276.5,-18.9,3.56,0.0,0.79,0.0,0.97,5710.0,-0.06027140851661208,4.37,14.8,879.0,19.6988,48.5244,-27.1,0.6427,1,1,1.65,-0.81,-0.14,0.66,0.49,0.02,0.76,0,1,0,1,mesoplanet
GJ 422 b,Warm,Superterran,rocky-iron,hydrogen-rich,1.28,2.53,2.24,0.6164305999999999,0.6804333,0.7529996999999999,237.3,-18.25,3.76,0.05,0.12,246.4,0.35,3323.0,-0.06027140851661208,4.184758828596038,11.5,12.67,11.2667,-56.4523,-26.3,1.3345,1,1,0.21,-0.41,-0.13,1.11,0.46,0.17,0.71,0,1,0,0,mesoplanet
GJ 273 b,Warm,Terran,rocky-iron,metals-rich,1.0,1.43,1.43,1.003524,1.220269,1.4989540000000001,281.9,-18.17,2.7,0.1,0.09,0.0,0.29,3382.0,0.09,4.184758828596038,9.9,3.8,7.4568,5.2258,-27.0,1.7227,2,1,0.215,-0.86,-0.16,-0.05,0.53,0.79,0.86,0,1,0,1,mesoplanet
GJ 832 c,Warm,Superterran,rocky-iron,metals-rich,1.12,1.89,1.79,0.9315085999999999,0.9886534,1.0502799999999999,257.9,-18.31,3.21,0.03,0.16,80.0,0.45,3472.0,-0.31,4.184758828596038,8.7,4.94,21.5594,-49.0089,-26.7,1.4679,2,1,0.342,-0.71,-0.15,0.44,0.54,0.98,0.81,1,1,0,1,mesoplanet
Kepler-443 b,Warm,Superterran,rocky-iron,hydrogen-rich,1.54,3.6,2.9,0.7188641,0.8910313,1.1180709999999998,262.0,-18.9,4.43,0.11,0.49,0.0,0.74,4723.0,-0.01,3.2,6.8,779.0,19.2407,49.9686,-26.6,0.7552,1,1,0.903,-0.53,-0.12,1.83,0.34,0.98,0.71,0,1,0,1,mesoplanet
GJ 180 c,Warm,Superterran,rocky-iron,metals-rich,1.16,2.04,1.9,0.6584886,0.785473,0.9446747999999999,251.2,-18.16,3.36,0.09,0.13,234.9,0.43,3371.0,-0.06027140851661208,4.184758828596038,10.9,11.69,4.8972,-17.7734,-26.5,1.3905,2,2,0.244,-0.53,-0.14,0.64,0.54,0.42,0.77,0,1,0,0,mesoplanet
Kepler-1090 b,Warm,Superterran,rocky-iron,hydrogen-rich,1.47,3.32,2.73,1.20485,1.20485,1.2048510000000001,266.9,-19.15,4.28,0.0,0.63,0.0,0.86,5321.0,-0.06027140851661208,4.37,15.0,702.0,19.7109,44.5258,-26.9,0.6898,1,1,1.28,-0.74,-0.12,1.5,0.37,0.23,0.72,0,1,0,1,mesoplanet
Kepler-22 b,Warm,Superterran,rocky-iron,hydrogen-rich,1.57,3.68,2.94,1.1060290000000002,1.1060290000000002,1.1060290000000002,261.3,-19.15,4.47,0.0,0.85,0.0,0.97,5518.0,-0.29,9.9,12.0,190.0,19.2811,47.8844,-26.8,0.6145,1,1,1.615,-0.64,-0.12,1.79,0.34,0.53,0.71,0,1,0,1,mesoplanet
Kepler-298 d,Warm,Superterran,rocky-iron,hydrogen-rich,1.72,4.3,3.28,1.289531,1.289531,1.289532,271.5,-19.45,4.75,0.0,0.3,0.0,0.65,4465.0,-0.121,4.184758828596038,13.4,474.0,18.8693,48.8254,-27.0,1.0134,3,1,0.6859999999999999,-0.86,-0.11,2.11,0.3,0.0,0.68,0,1,0,1,mesoplanet
K2-18 b,Warm,Superterran,rocky-iron,hydrogen-rich,1.46,3.28,2.71,0.9243239999999999,0.9243239999999999,0.9243242,249.8,-18.85,4.26,0.0,0.15,0.0,0.41,3503.0,0.09,4.184758828596038,13.5,34.0,11.504,7.5884,-26.6,1.394,2,1,0.304,-0.66,-0.12,1.59,0.37,1.0,0.73,0,1,0,1,mesoplanet
Kepler-1540 b,Warm,Superterran,rocky-iron,hydrogen-rich,1.71,4.25,3.25,0.9229546999999999,0.9229549000000001,0.9229552,249.7,-19.07,4.73,0.0,0.44,0.0,0.74,4540.0,-0.06027140851661208,2.51,14.1,262.0,18.8896,41.2017,-26.6,0.8293,1,1,0.8390000000000001,-0.59,-0.11,2.25,0.3,0.99,0.7,0,1,0,1,mesoplanet
HD 283869 b,Warm,Superterran,rocky-iron,metals-rich,1.26,2.47,2.2,1.146929,1.146929,1.146929,263.7,-18.79,3.72,0.0,0.4,0.0,0.74,4655.0,0.15,4.184758828596038,13.4,47.51,4.795,26.15,-26.9,0.8793,1,1,0.836,-0.76,-0.14,0.89,0.46,0.65,0.77,0,1,0,0,mesoplanet
Kepler-452 b,Warm,Superterran,rocky-iron,metals-rich,1.09,1.77,1.7,1.109832,1.109832,1.109833,261.5,-18.35,3.1,0.0,1.05,0.0,1.04,5757.0,0.21,6.0,13.4,430.0,19.7336,44.2776,-26.8,0.5655,1,1,1.952,-0.61,-0.15,0.3,0.59,0.93,0.83,0,1,0,1,mesoplanet
Kepler-705 b,Warm,Superterran,rocky-iron,hydrogen-rich,1.36,2.86,2.46,0.832599,0.8325992,0.8325992,243.4,-18.6,4.0,0.0,0.23,0.0,0.53,3722.0,-0.06027140851661208,3.89,15.8,251.0,19.3006,41.8121,-26.5,1.1719,1,1,0.443,-0.56,-0.13,1.31,0.41,0.79,0.74,0,1,0,1,mesoplanet
GJ 667 C c,Warm,Terran,rocky-iron,metals-rich,1.05,1.61,1.57,0.8427715,0.8769776,0.9129552,249.0,-17.97,2.92,0.02,0.12,292.0,0.33,3350.0,-0.55,2.0,10.2,6.8,17.3158,-34.9897,-26.6,1.4848,6,3,0.251,-0.62,-0.15,0.21,0.6,0.64,0.84,0,1,0,1,mesoplanet
Kepler-440 b,Warm,Superterran,rocky-iron,metals-rich,1.2,2.24,2.04,0.7514458,1.43441,3.096766,338.0,-18.99,3.54,0.34,0.23,0.0,0.57,4134.0,-0.3,1.3,8.3,261.0,19.0233,41.4522,-27.2,1.2857,1,1,0.5710000000000001,-0.89,-0.14,0.62,0.48,0.16,0.75,0,1,0,1,mesoplanet
OGLE-2014-BLG-1722 c,Cold,Jovian,gas,hydrogen-rich,0.21,1.53,3.36,0.004472864,0.004472865,0.004472866,65.9,-15.64,14.09,0.0,2.5,0.0,0.4,5480.118776483051,-0.06027140851661208,4.184758828596038,13.4,6400.0,17.9169,-31.4692,-20.8,4.8461,2,0,1.6869999999999998,26.67,4.69,6.28,0.03,0.0,0.17,0,0,0,1,non-habitable
Kepler-1630 b,Cold,Superterran,rocky-iron,hydrogen-rich,1.42,3.1,2.6,0.1514998,0.1514998,0.1514998,158.9,-16.82,4.15,0.0,1.09,0.0,0.66,4736.0,-0.06027140851661208,5.01,14.2,278.0,19.8339,43.71100000000001,-24.7,0.3087,1,0,0.82,2.1,-0.13,2.26,0.24,0.0,0.42,0,0,0,1,non-habitable
Kepler-1050 b,Hot,Superterran,rocky-iron,metals-rich,1.08,1.72,1.66,96.38577,96.38577,96.38579,798.3,-23.19,3.04,0.0,0.12,0.0,1.09,6010.0,-0.06027140851661208,3.55,13.1,555.0,18.8617,48.6264,-31.7,4.8373,2,0,2.119,-2.28,-0.15,-0.59,0.3,0.0,0.29,0,0,0,1,non-habitable
WASP-73 b,Hot,Jovian,gas,hydrogen-rich,0.27,3.54,6.78,1672.943,1672.943,1672.944,1629.4,-30.87,24.88,0.0,0.06,0.0,1.34,6030.0,0.14,4.184758828596038,10.5,424.0,21.33,-57.8511,-34.8,20.1165,1,0,3.901,-2.44,9.02,1.52,0.1,0.0,0.07,0,0,0,1,non-habitable
WASP-48 b,Hot,Jovian,gas,metals-rich,0.05,0.89,4.08,2982.27,2982.271,2982.271,1882.7,-32.29,36.14,0.0,0.03,0.0,1.19,5990.0,-0.12,4.184758828596038,11.1,424.0,19.4108,55.4731,-35.5,27.3376,1,0,3.266,-2.45,14.49,0.09,0.06,0.0,0.05,0,0,0,1,non-habitable
HD 210702 b,Hot,Jovian,gas,hydrogen-rich,0.43,4.81,7.34,7.694341,10.32987,14.19799,494.5,-25.01,21.42,0.15,1.19,301.0,1.68,5010.0,0.12,1.4,5.9,56.0,22.1975,16.0406,-29.3,2.2917,1,0,7.255,-1.85,7.35,4.9,0.1,0.0,0.19,0,0,0,1,non-habitable
Kepler-1063 b,Hot,Terran,rocky-iron,metals-rich,1.03,1.53,1.51,105.6522,105.6522,105.6522,816.8,-23.13,2.83,0.0,0.12,0.0,1.09,5945.0,-0.06027140851661208,3.39,12.3,365.0,19.3684,38.143,-31.8,5.176,1,0,2.103,-2.29,-0.15,-0.71,0.29,0.0,0.29,0,0,0,1,non-habitable
HD 163296 c,Cold,Jovian,gas,hydrogen-rich,0.21,1.61,3.52,0.000964894,0.000964894,0.000964894,44.9,-14.05,14.65,0.0,160.0,0.0,2.3,9790.0,-0.06027140851661208,0.005,6.8,122.0,17.9392,-21.9561,-19.2,0.0058,2,0,7.942,68.64,4.86,8.43,0.01,0.0,0.16,0,0,0,1,non-habitable
Kepler-279 d,Hot,Neptunian,rocky-water,hydrogen-rich,1.38,4.29,3.65,28.41669,28.4167,28.41671,588.2,-23.3,5.9,0.0,0.31,0.0,1.23,6562.0,-0.57,4.184758828596038,13.7,424.0,19.1594,42.195,-30.4,2.2027,3,0,2.72,-2.12,0.37,1.18,0.29,0.0,0.25,0,0,0,1,non-habitable
Kepler-1541 b,Hot,Terran,rocky-iron,metals-rich,0.91,1.05,1.1,77.42004,77.42004,77.42004,755.7,-22.23,2.19,0.0,0.08,0.0,0.86,5282.0,-0.06027140851661208,4.47,13.8,414.0,18.9191,48.0296,-31.5,5.6133,1,0,1.25,-2.23,-0.17,-0.95,0.29,0.0,0.31,0,0,0,1,non-habitable
LP415-17 c,Hot,Superterran,water-gas,metals-rich,0.37,0.97,1.58,11.08629,11.08629,11.08629,464.9,-21.88,4.94,0.0,0.09,0.0,0.65,4258.0,-0.3,4.184758828596038,12.8,82.0,4.3646,21.3536,-29.4,3.2678,3,0,0.634,-1.84,1.43,-0.31,0.3,0.0,0.33,0,0,0,1,non-habitable
Kepler-403 b,Hot,Terran,rocky-iron,no-atmosphere,0.94,1.18,1.22,377.9506,377.9506,377.9506,1123.3,-24.14,2.38,0.0,0.08,0.0,1.19,6090.0,-0.145,4.184758828596038,13.4,424.0,19.3281,46.7446,-33.2,9.3364,3,0,2.544,-2.39,-0.16,-1.03,0.28,0.0,0.29,0,0,0,1,non-habitable
K2-138 f,Hot,Neptunian,gas,metals-rich,0.19,0.54,1.24,51.02715,51.02715,51.02716,680.9,-23.72,5.34,0.0,0.1,0.0,0.93,5378.0,0.16,4.184758828596038,12.2,183.0,23.2633,-10.8497,-31.0,4.3952,5,0,1.365,-2.18,2.48,-0.81,0.23,0.0,0.24,0,0,0,1,non-habitable
Kepler-379 c,Hot,Superterran,rocky-iron,metals-rich,1.5,3.43,2.8,19.46108,19.46108,19.46108,535.1,-22.21,4.34,0.0,0.33,0.0,1.08,6054.0,-0.045,4.184758828596038,13.4,424.0,19.7134,38.9458,-30.0,2.1416,2,0,2.484,-2.03,-0.12,0.61,0.32,0.0,0.3,0,0,0,1,non-habitable
NGTS-1 b,Hot,Jovian,gas,hydrogen-rich,0.08,1.16,4.16,63.14719,65.19138,67.32004,729.8,-27.62,28.6,0.02,0.03,0.0,0.62,3916.0,0.0,4.184758828596038,13.4,224.0,5.5144,-36.6308,-31.3,9.3786,1,0,0.544,-2.1,11.02,1.26,0.08,0.0,0.08,0,0,0,1,non-habitable
Kepler-1109 b,Hot,Superterran,rocky-iron,metals-rich,1.42,3.1,2.6,24.36308,24.36308,24.36308,566.0,-22.36,4.15,0.0,0.22,0.0,1.05,5893.0,-0.06027140851661208,3.8,14.3,797.0,19.4431,39.3966,-30.2,2.529,1,0,1.93,-2.08,-0.13,0.38,0.32,0.0,0.3,0,0,0,1,non-habitable
HD 204941 b,Cold,Jovian,gas,hydrogen-rich,0.21,1.54,3.38,0.02471611,0.04991995,0.1168482,149.0,-18.36,14.14,0.37,2.38,228.0,0.74,5056.0,-0.19,6.67,8.4,27.0,21.54,-20.9575,-23.5,0.1613,1,0,1.039,6.15,4.71,4.16,0.1,0.0,0.22,0,0,0,1,non-habitable
WASP-107 b,Hot,Neptunian,gas,metals-rich,0.03,0.34,1.9,49.75849,49.7585,49.7585,676.6,-26.57,20.11,0.0,0.06,0.0,0.69,4430.0,0.02,4.184758828596038,11.6,424.0,12.5592,-10.1461,-31.0,6.3983,1,0,0.7709999999999999,-2.11,9.86,-0.31,0.09,0.0,0.1,0,0,0,1,non-habitable
